1Xyo4u8uXC1ZmMpatF05PJ                                                                                                                                                                                                                                         ,04gDigrS5kc9YWfZHwBETP                                                                                                                                                                                                                                         
66CXWjxzNUsdJxJ2JdwvnR                                                                                                                                                                                                                                         ,36QJpDe2go2KgaRleHCDTp                                                                                                                                                                                                                                         
04gDigrS5kc9YWfZHwBETP                                                                                                                                                                                                                                         ,1vCWHaC5f2uS3yhpwWbIA6                                                                                                                                                                                                                                         
1dfeR4HaWDbWqFHLkxsg1d                                                                                                                                                                                                                                         ,36QJpDe2go2KgaRleHCDTp                                                                                                                                                                                                                                         
1dfeR4HaWDbWqFHLkxsg1d                                                                                                                                                                                                                                         ,66CXWjxzNUsdJxJ2JdwvnR                                                                                                                                                                                                                                         
1dfeR4HaWDbWqFHLkxsg1d                                                                                                                                                                                                                                         ,04gDigrS5kc9YWfZHwBETP                                                                                                                                                                                                                                         
66CXWjxzNUsdJxJ2JdwvnR                                                                                                                                                                                                                                         ,2CIMQHirSU0MQqyYHq0eOx                                                                                                                                                                                                                                         
57dN52uHvrHOxijzpIgu3E                                                                                                                                                                                                                                         ,1dfeR4HaWDbWqFHLkxsg1d                                                                                                                                                                                                                                         
2ye2Wgw4gimLv2eAKyk1NB                                                                                                                                                                                                                                         ,1Xyo4u8uXC1ZmMpatF05PJ                                                                                                                                                                                                                                         
66CXWjxzNUsdJxJ2JdwvnR                                                                                                                                                                                                                                         ,04gDigrS5kc9YWfZHwBETP                                                                                                                                                                                                                                         
1vCWHaC5f2uS3yhpwWbIA6                                                                                                                                                                                                                                         ,57dN52uHvrHOxijzpIgu3E                                                                                                                                                                                                                                         
1dfeR4HaWDbWqFHLkxsg1d                                                                                                                                                                                                                                         ,2ye2Wgw4gimLv2eAKyk1NB                                                                                                                                                                                                                                         
36QJpDe2go2KgaRleHCDTp                                                                                                                                                                                                                                         ,66CXWjxzNUsdJxJ2JdwvnR                                                                                                                                                                                                                                         
36QJpDe2go2KgaRleHCDTp                                                                                                                                                                                                                                         ,57dN52uHvrHOxijzpIgu3E                                                                                                                                                                                                                                         
1vCWHaC5f2uS3yhpwWbIA6                                                                                                                                                                                                                                         ,66CXWjxzNUsdJxJ2JdwvnR                                                                                                                                                                                                                                         
2CIMQHirSU0MQqyYHq0eOx                                                                                                                                                                                                                                         ,66CXWjxzNUsdJxJ2JdwvnR                                                                                                                                                                                                                                         
2CIMQHirSU0MQqyYHq0eOx                                                                                                                                                                                                                                         ,1Xyo4u8uXC1ZmMpatF05PJ                                                                                                                                                                                                                                         
2CIMQHirSU0MQqyYHq0eOx                                                                                                                                                                                                                                         ,1dfeR4HaWDbWqFHLkxsg1d                                                                                                                                                                                                                                         
1vCWHaC5f2uS3yhpwWbIA6                                                                                                                                                                                                                                         ,2ye2Wgw4gimLv2eAKyk1NB                                                                                                                                                                                                                                         
2CIMQHirSU0MQqyYHq0eOx                                                                                                                                                                                                                                         ,36QJpDe2go2KgaRleHCDTp                                                                                                                                                                                                                                         
1dfeR4HaWDbWqFHLkxsg1d                                                                                                                                                                                                                                         ,57dN52uHvrHOxijzpIgu3E                                                                                                                                                                                                                                         
36QJpDe2go2KgaRleHCDTp                                                                                                                                                                                                                                         ,2ye2Wgw4gimLv2eAKyk1NB                                                                                                                                                                                                                                         
04gDigrS5kc9YWfZHwBETP                                                                                                                                                                                                                                         ,2ye2Wgw4gimLv2eAKyk1NB                                                                                                                                                                                                                                         
1dfeR4HaWDbWqFHLkxsg1d                                                                                                                                                                                                                                         ,2CIMQHirSU0MQqyYHq0eOx                                                                                                                                                                                                                                         
1Xyo4u8uXC1ZmMpatF05PJ                                                                                                                                                                                                                                         ,36QJpDe2go2KgaRleHCDTp                                                                                                                                                                                                                                         
04gDigrS5kc9YWfZHwBETP                                                                                                                                                                                                                                         ,66CXWjxzNUsdJxJ2JdwvnR                                                                                                                                                                                                                                         
66CXWjxzNUsdJxJ2JdwvnR                                                                                                                                                                                                                                         ,2ye2Wgw4gimLv2eAKyk1NB                                                                                                                                                                                                                                         
1dfeR4HaWDbWqFHLkxsg1d                                                                                                                                                                                                                                         ,1Xyo4u8uXC1ZmMpatF05PJ                                                                                                                                                                                                                                         
57dN52uHvrHOxijzpIgu3E                                                                                                                                                                                                                                         ,2CIMQHirSU0MQqyYHq0eOx                                                                                                                                                                                                                                         
36QJpDe2go2KgaRleHCDTp                                                                                                                                                                                                                                         ,1vCWHaC5f2uS3yhpwWbIA6                                                                                                                                                                                                                                         
2ye2Wgw4gimLv2eAKyk1NB                                                                                                                                                                                                                                         ,2CIMQHirSU0MQqyYHq0eOx                                                                                                                                                                                                                                         
57dN52uHvrHOxijzpIgu3E                                                                                                                                                                                                                                         ,04gDigrS5kc9YWfZHwBETP                                                                                                                                                                                                                                         
57dN52uHvrHOxijzpIgu3E                                                                                                                                                                                                                                         ,1Xyo4u8uXC1ZmMpatF05PJ                                                                                                                                                                                                                                         
1Xyo4u8uXC1ZmMpatF05PJ                                                                                                                                                                                                                                         ,2CIMQHirSU0MQqyYHq0eOx                                                                                                                                                                                                                                         
2CIMQHirSU0MQqyYHq0eOx                                                                                                                                                                                                                                         ,2ye2Wgw4gimLv2eAKyk1NB                                                                                                                                                                                                                                         
1vCWHaC5f2uS3yhpwWbIA6                                                                                                                                                                                                                                         ,1dfeR4HaWDbWqFHLkxsg1d                                                                                                                                                                                                                                         
2CIMQHirSU0MQqyYHq0eOx                                                                                                                                                                                                                                         ,04gDigrS5kc9YWfZHwBETP                                                                                                                                                                                                                                         
2ye2Wgw4gimLv2eAKyk1NB                                                                                                                                                                                                                                         ,1dfeR4HaWDbWqFHLkxsg1d                                                                                                                                                                                                                                         
66CXWjxzNUsdJxJ2JdwvnR                                                                                                                                                                                                                                         ,1Xyo4u8uXC1ZmMpatF05PJ                                                                                                                                                                                                                                         
1vCWHaC5f2uS3yhpwWbIA6                                                                                                                                                                                                                                         ,1Xyo4u8uXC1ZmMpatF05PJ                                                                                                                                                                                                                                         
66CXWjxzNUsdJxJ2JdwvnR                                                                                                                                                                                                                                         ,57dN52uHvrHOxijzpIgu3E                                                                                                                                                                                                                                         
04gDigrS5kc9YWfZHwBETP                                                                                                                                                                                                                                         ,2CIMQHirSU0MQqyYHq0eOx                                                                                                                                                                                                                                         
66CXWjxzNUsdJxJ2JdwvnR                                                                                                                                                                                                                                         ,1vCWHaC5f2uS3yhpwWbIA6                                                                                                                                                                                                                                         
2ye2Wgw4gimLv2eAKyk1NB                                                                                                                                                                                                                                         ,57dN52uHvrHOxijzpIgu3E                                                                                                                                                                                                                                         
2ye2Wgw4gimLv2eAKyk1NB                                                                                                                                                                                                                                         ,1vCWHaC5f2uS3yhpwWbIA6                                                                                                                                                                                                                                         
04gDigrS5kc9YWfZHwBETP                                                                                                                                                                                                                                         ,1Xyo4u8uXC1ZmMpatF05PJ                                                                                                                                                                                                                                         
1Xyo4u8uXC1ZmMpatF05PJ                                                                                                                                                                                                                                         ,2ye2Wgw4gimLv2eAKyk1NB                                                                                                                                                                                                                                         
04gDigrS5kc9YWfZHwBETP                                                                                                                                                                                                                                         ,1dfeR4HaWDbWqFHLkxsg1d                                                                                                                                                                                                                                         
04gDigrS5kc9YWfZHwBETP                                                                                                                                                                                                                                         ,36QJpDe2go2KgaRleHCDTp                                                                                                                                                                                                                                         
36QJpDe2go2KgaRleHCDTp                                                                                                                                                                                                                                         ,2CIMQHirSU0MQqyYHq0eOx                                                                                                                                                                                                                                         
57dN52uHvrHOxijzpIgu3E                                                                                                                                                                                                                                         ,2ye2Wgw4gimLv2eAKyk1NB                                                                                                                                                                                                                                         
2ye2Wgw4gimLv2eAKyk1NB                                                                                                                                                                                                                                         ,36QJpDe2go2KgaRleHCDTp                                                                                                                                                                                                                                         
2ye2Wgw4gimLv2eAKyk1NB                                                                                                                                                                                                                                         ,04gDigrS5kc9YWfZHwBETP                                                                                                                                                                                                                                         
36QJpDe2go2KgaRleHCDTp                                                                                                                                                                                                                                         ,04gDigrS5kc9YWfZHwBETP                                                                                                                                                                                                                                         
04gDigrS5kc9YWfZHwBETP                                                                                                                                                                                                                                         ,57dN52uHvrHOxijzpIgu3E                                                                                                                                                                                                                                         
36QJpDe2go2KgaRleHCDTp                                                                                                                                                                                                                                         ,1Xyo4u8uXC1ZmMpatF05PJ                                                                                                                                                                                                                                         
1Xyo4u8uXC1ZmMpatF05PJ                                                                                                                                                                                                                                         ,66CXWjxzNUsdJxJ2JdwvnR                                                                                                                                                                                                                                         
1Xyo4u8uXC1ZmMpatF05PJ                                                                                                                                                                                                                                         ,1dfeR4HaWDbWqFHLkxsg1d                                                                                                                                                                                                                                         
1dfeR4HaWDbWqFHLkxsg1d                                                                                                                                                                                                                                         ,1vCWHaC5f2uS3yhpwWbIA6                                                                                                                                                                                                                                         
57dN52uHvrHOxijzpIgu3E                                                                                                                                                                                                                                         ,66CXWjxzNUsdJxJ2JdwvnR                                                                                                                                                                                                                                         
66CXWjxzNUsdJxJ2JdwvnR                                                                                                                                                                                                                                         ,1dfeR4HaWDbWqFHLkxsg1d                                                                                                                                                                                                                                         
57dN52uHvrHOxijzpIgu3E                                                                                                                                                                                                                                         ,36QJpDe2go2KgaRleHCDTp                                                                                                                                                                                                                                         
2CIMQHirSU0MQqyYHq0eOx                                                                                                                                                                                                                                         ,57dN52uHvrHOxijzpIgu3E                                                                                                                                                                                                                                         
04gDigrS5kc9YWfZHwBETP                                                                                                                                                                                                                                         ,3TVXtAsR1Inumwj472S9r4                                                                                                                                                                                                                                         
2ye2Wgw4gimLv2eAKyk1NB                                                                                                                                                                                                                                         ,66CXWjxzNUsdJxJ2JdwvnR                                                                                                                                                                                                                                         
6eUKZXaKkcviH0Ku9w2n3V                                                                                                                                                                                                                                         ,2CIMQHirSU0MQqyYHq0eOx                                                                                                                                                                                                                                         
